{
  "uob_nii_fy2023": 9679.0,
  "uob_nii_1h2024": 4763.0,
  "uob_interest_income_fy2023": 22242.0,
  "ubs_nfci_fy2023": 21570.0,
  "ubs_nfci_fy2024": 26138.0,
  "ubs_nfci_yoy": 0.211776,
  "baba_rev_fy2025": 996347.0,
  "baba_rev_fy2024": 941168.0,
  "baba_rev_yoy": 0.058628,
  "baba_taobao_rev_fy2025": 449827.0,
  "baba_cloud_rev_fy2025": 118028.0,
  "baba_intl_rev_fy2025": 132300.0,
  "st_rev_fy2023": 491659.0,
  "st_rev_fy2022": 527620.0,
  "st_tin_rev_fy2023": 424844.0,
  "st_property_rev_fy2023": 66815.0,
  "syn_total_revenue": 349851.48,
  "syn_avg_order_value": 955.88,
  "syn_north_revenue": 113534.73,
  "syn_q3_revenue": 73360.08,
  "syn_south_q3_revenue": 8454.21,
  "syn_row_count": 366,
  "syn_duplicate_count_messy": 15,
  "syn_null_count_messy": 20,
  "syn_unique_customers": 162,
  "syn_q3_vs_q2_drop_pct": -0.1891,
  "syn_south_q3_vs_q2_drop_pct": -0.6881
}